<?xml version="1.0" encoding="UTF-8"?><artifacts>
    <artifact name="JMStoHTTPStockQuoteProxy" groupId="com.example.proxy-service" version="1.0.0" type="synapse/proxy-service" serverRole="EnterpriseServiceBus">
        <file>src/main/synapse-config/proxy-services/JMStoHTTPStockQuoteProxy.xml</file>
    </artifact>
    <artifact name="JMStoHTTPStockQuoteProxy_proxy_metadata" groupId="com.example.proxy-service.metadata" version="1.0.0" type="synapse/metadata" serverRole="EnterpriseServiceBus">
        <file>src/main/resources/metadata/JMStoHTTPStockQuoteProxy_proxy_metadata.yaml</file>
    </artifact>
</artifacts>
