<?xml version="1.0" encoding="UTF-8"?><artifacts>
    <artifact name="HospitalServicesEP" groupId="com.example.endpoint" version="1.0.0" type="synapse/endpoint" serverRole="EnterpriseServiceBus">
        <file>src/main/synapse-config/endpoints/HospitalServicesEP.xml</file>
    </artifact>
    <artifact name="ChannelingFeeEP" groupId="com.example.endpoint" version="1.0.0" type="synapse/endpoint" serverRole="EnterpriseServiceBus">
        <file>src/main/synapse-config/endpoints/ChannelingFeeEP.xml</file>
    </artifact>
    <artifact name="SettlePaymentEP" groupId="com.example.endpoint" version="1.0.0" type="synapse/endpoint" serverRole="EnterpriseServiceBus">
        <file>src/main/synapse-config/endpoints/SettlePaymentEP.xml</file>
    </artifact>
    <artifact name="HealthcareAPI" groupId="com.example.api" version="1.0.0" type="synapse/api" serverRole="EnterpriseServiceBus">
        <file>src/main/synapse-config/api/HealthcareAPI.xml</file>
    </artifact>
    <artifact name="HealthcareAPI_swagger" groupId="com.example.metadata" version="1.0.0" type="synapse/metadata" serverRole="EnterpriseServiceBus">
        <file>src/main/resources/metadata/HealthcareAPI_swagger.yaml</file>
    </artifact>
    <artifact name="HealthcareAPI_metadata" groupId="com.example.metadata" version="1.0.0" type="synapse/metadata" serverRole="EnterpriseServiceBus">
        <file>src/main/resources/metadata/HealthcareAPI_metadata.yaml</file>
    </artifact>
</artifacts>
