<?xml version="1.0" encoding="UTF-8"?>
<api context="/healthcare" name="HealthcareAPI" xmlns="http://ws.apache.org/ns/synapse">
    <resource methods="POST" uri-template="/categories/{category}/reserve">
        <inSequence>
            <property description="Get Hospital" expression="json-eval($.hospital_id)" name="uri.var.hospital" scope="default" type="STRING"/>
            <property description="Get Card Number" expression="json-eval($.cardNo)" name="card_number" scope="default" type="STRING"/>
            <call>
                <endpoint key="HospitalServicesEP"/>
            </call>
            <property description="AppointmentNumber" expression="json-eval($.appointmentNumber)" name="uri.var.appointment_id" scope="default" type="STRING"/>
            <property description="Doctor" expression="json-eval($.doctor)" name="doctor_details" scope="default" type="STRING"/>
            <property description="Patient" expression="json-eval($.patient)" name="patient_details" scope="default" type="STRING"/>
            <call>
                <endpoint key="ChannelingFeeEP"/>
            </call>
            <property description="ActualFee" expression="json-eval($.actualFee)" name="actual_fee" scope="default" type="STRING"/>
            <payloadFactory media-type="json">
                <format>{"appointmentNumber":$1, "doctor":$2, "patient":$3, "fee":$4, "confirmed":"false", "card_number":"$5"}</format>
                <args>
                    <arg evaluator="xml" expression="$ctx:uri.var.appointment_id"/>
                    <arg evaluator="xml" expression="$ctx:doctor_details"/>
                    <arg evaluator="xml" expression="$ctx:patient_details"/>
                    <arg evaluator="xml" expression="$ctx:actual_fee"/>
                    <arg evaluator="xml" expression="$ctx:card_number"/>
                </args>
            </payloadFactory>
            <call>
                <endpoint key="SettlePaymentEP"/>
            </call>
            <respond/>
        </inSequence>
        <outSequence/>
        <faultSequence/>
    </resource>
</api>
