<?xml version="1.0" encoding="UTF-8" standalone="no"?><xsl:stylesheet xmlns:xsl="http://www.w3.org/1999/XSL/Transform" xmlns:firstElementOfTheInput="root" xmlns:notXSLTCompatible="false" xmlns:own="http://ownfunction.org" xmlns:xs="http://www.w3.org/2001/XMLSchema" extension-element-prefixes="xs own notXSLTCompatible firstElementOfTheInput" version="2.0"><xsl:function name="own:setPrecision"><xsl:param name="resultString"/><xsl:param name="noOfDigits"/><xsl:if test="$noOfDigits=0"><xsl:value-of select="$resultString"/></xsl:if><xsl:if test="$noOfDigits!=0"><xsl:value-of select="own:setPrecision(concat($resultString,'0'),$noOfDigits - 1)"/></xsl:if></xsl:function><xsl:template match="/"><root><patient><name><xsl:value-of select="root/name"/></name><dob><xsl:value-of select="root/dob"/></dob><ssn><xsl:value-of select="root/ssn"/></ssn><address><xsl:value-of select="root/address"/></address><phone><xsl:value-of select="root/phone"/></phone><email><xsl:value-of select="root/email"/></email></patient><doctor><xsl:value-of select="root/doctor"/></doctor><hospital_id><xsl:value-of select="root/hospital_id"/></hospital_id><hospital><xsl:value-of select="root/hospital"/></hospital><appointment_date><xsl:value-of select="root/appointment_date"/></appointment_date></root></xsl:template></xsl:stylesheet>